Date,MAR,AAPL,ADBE,ADI,ADP,ADSK,ALGN,ALXN,AMAT,AMD,AMGN,AMZN,ANSS,ASML,ATVI,AVGO,BIDU,BIIB,BMRN,CDNS,CDW,CERN,CHKP,CHTR,CMCSA,COST,CPRT,CSCO,CSX,CTAS,CTSH,CTXS,DLTR,DXCM,EA,EBAY,EXC,EXPE,FAST,FB,FISV,FOX,FOXA,GILD,GOOG,IDXX,ILMN,INCY,INTC,INTU,ISRG,KLAC,LBTYA,LBTYK,LRCX,LULU,MCHP,MDLZ,MELI,MNST,MSFT,MU,MXIM,NFLX,NTAP,NTES,NVDA,NXPI,ORLY,PAYX,PCAR,PEP,QCOM,REGN,ROST,SBUX,SGEN,SIRI,SNPS,SPLK,SWKS,TMUS,TSLA,TTWO,TXN,ULTA,VRSK,VRSN,VRTX,WDAY,WDC,XEL,XLNX,SPRTRN
20140131,-0.001033,-0.107697,-0.011507,-0.052229,-0.051969,0.018502,0.039902,0.1945,-0.048643,-0.113695,0.042689,-0.100554,-0.099427,-0.096798,-0.03926,0.033255,-0.120193,0.118281,-0.020896,0.007133,0.013271,0.020631,0.014434,0.001755,0.047821,-0.055957,-0.064666,-0.015604,-0.064651,-0.042289,-0.040305,-0.145138,-0.104573,0.142615,0.150828,-0.030347,0.058781,-0.067183,-0.07009,0.144943,-0.050804,-0.09711,-0.095252,0.073902,0.053769,0.074175,0.374446,0.294094,-0.054517,-0.037736,0.061185,-0.046385,-0.10191,-0.059179,-0.070523,-0.225987,0.002458,-0.071955,-0.104833,0.001918,0.011494,0.05931,0.084588,0.111796,0.032815,-0.046183,-0.019975,0.052689,0.017636,-0.073797,-0.053574,-0.031107,-0.000404,0.048503,-0.093687,-0.092741,0.124593,0.025788,-0.017501,0.121742,0.059174,-0.09126,0.205951,0.104203,-0.027556,-0.111997,-0.028302,-0.01723,0.063795,0.07672,0.027056,0.034717,0.010889,-0.035583
20140228,0.103448,0.057311,0.159486,0.060493,0.015405,0.024,-0.11932,0.113841,0.133175,0.081633,0.047751,0.009507,0.063543,0.017842,0.129597,0.129261,0.092204,0.089688,0.175958,0.085694,0.107414,0.078748,0.030414,-0.074672,-0.050689,0.042275,0.062719,-0.005021,0.035303,0.062905,0.07378,0.110597,0.084125,0.114681,0.082955,0.104699,0.05931,0.208526,0.074209,0.094135,0.035682,0.041933,0.054054,0.026534,0.029366,0.101873,0.128224,-0.019231,0.018134,0.066894,0.091393,0.067187,0.082823,0.067188,0.02213,0.101116,0.023295,0.038767,0.079697,0.089838,0.01982,0.049913,0.089557,0.088682,-0.045583,-0.058557,0.176115,0.162978,0.151703,-0.001435,0.179286,-0.003609,0.014417,0.152154,0.072007,0.001406,0.172314,0.00838,0.013547,0.204076,0.172231,-0.00229,0.349485,0.030761,0.060377,0.046436,-0.002271,-0.061957,0.023026,0.227608,0.009516,0.047734,0.129901,0.043117
20140331,0.033008,0.019953,-0.04211,0.045651,-0.000514,-0.062881,-0.010319,-0.139536,0.076741,0.080863,-0.005483,-0.071072,-0.077826,0.083817,0.066667,0.048298,-0.109167,-0.102178,-0.157901,0.013699,0.048529,-0.083428,0.003115,-0.028161,-0.027568,-0.043836,-0.001098,0.028211,0.045471,-0.01731,-0.027484,-0.043464,-0.047289,-0.082927,0.01469,-0.060065,0.103584,-0.074876,0.044713,-0.12007,-0.023428,-0.040092,-0.043083,-0.1441,-0.083198,-0.035743,-0.133127,-0.167134,0.042569,-0.005374,-0.015377,0.061243,-0.05524,-0.038271,0.063213,0.045319,0.048518,0.019395,-0.085467,-0.061487,0.069956,-0.02191,0.012534,-0.21004,-0.08686,-0.027035,-0.025571,0.045883,-0.016308,0.020115,0.024301,0.049925,0.052065,-0.096902,-0.014148,0.034104,-0.133676,-0.113573,-0.049257,-0.229218,0.058094,0.082951,-0.148523,0.109256,0.048932,0.086409,-0.058934,-0.021775,-0.125402,-0.168213,0.058972,0.012215,0.039655,0.006932
20140430,0.034095,0.099396,-0.061606,-0.034814,0.00906,-0.023587,-0.027032,0.0399,-0.066373,0.01995,-0.093968,-0.095833,-0.009218,-0.119174,-0.021037,-0.014128,0.010376,-0.061301,-0.146313,0.001287,0.027332,-0.088,-0.052787,0.100081,0.034372,0.035817,-0.003298,0.039482,-0.025889,-0.011407,-0.053261,0.032556,-0.002108,-0.215667,-0.024474,-0.061731,0.043802,-0.020828,0.020893,-0.007636,0.072147,0.006427,0.001564,0.107677,0,0.041516,-0.08617,-0.092676,0.033935,-0.023028,-0.174182,-0.074487,-0.042788,-0.056006,0.047455,-0.12664,-0.004606,0.031838,-0.019346,-0.035853,-0.014394,0.103973,-0.020531,-0.085192,-0.030894,0.011738,0.031267,0.013773,0.002696,-0.018545,-0.051305,0.028623,-0.001902,-0.011289,-0.048763,-0.037612,-0.1554,-0.003156,-0.020568,-0.236676,0.094083,-0.11323,-0.002686,-0.070679,-0.029898,-0.099856,0.002168,-0.124838,-0.042704,-0.200809,-0.040732,0.049737,-0.130459,0.006201
20140530,0.06715,0.078293,0.046199,0.028466,0.022063,0.090587,0.083747,0.051328,0.064533,-0.022005,0.0434,0.027685,-0.037479,0.055166,0.038481,0.112913,0.077739,0.112322,-0.004637,0.072622,0.044785,0.053606,0.006556,0.05615,0.008501,0.006008,-0.0193,0.06534,0.047484,0.054132,0.014717,0.044849,0.018437,0.04069,0.241343,-0.021223,0.060234,0.034653,-0.026558,0.058883,-0.011023,0.100255,0.105871,0.034654,0.063096,0.016134,0.164888,0.020387,0.032034,0.046733,0.022228,0.030942,0.130588,0.113713,0.076896,-0.028304,0.00874,0.055259,-0.087917,0.036141,0.020297,0.094564,0.06381,0.297447,0.039315,0.050081,0.033297,0.041597,-0.005646,-0.008371,-0.006252,0.028408,0.022106,0.033918,0.005435,0.040782,-0.132796,0.028245,0.023126,-0.232912,0.057735,0.172072,-0.000577,0.012267,0.033663,-0.032037,-0.014978,0.061467,0.067356,0.072533,-0.002611,-0.034829,0.001271,0.02103
20140630,0.040247,0.027662,0.121165,0.032264,0.001004,0.076571,0.026186,-0.060546,0.116889,0.0475,0.020519,0.03913,0.032267,0.08605,0.073147,0.023914,0.12665,-0.012713,0.073326,0.047933,0.083985,-0.045698,0.039547,0.106469,0.032663,-0.007412,0.010964,0.009342,0.047959,0.022859,0.006172,0.009359,0.026966,0.174763,0.021065,-0.013207,-0.009503,0.074488,0.01518,0.063033,0.003494,-0.006674,-0.007343,0.020933,0.027488,0.039617,0.128215,0.139051,0.13104,0.015639,0.113756,0.108669,-0.01777,-0.011449,0.092199,-0.092987,0.02542,0.003456,0.123381,0.023782,0.018564,0.152501,-0.012847,0.054496,-0.01324,0.10118,-0.02421,0.065701,0.017912,0.010946,-0.008365,0.01885,-0.010317,-0.079782,-0.030972,0.056526,0.146239,0.054878,0.008574,0.321787,0.084276,-0.020682,0.155412,0.078042,0.017241,0.076678,0.014023,-0.025359,0.310268,0.146612,0.055208,0.057542,0.007453,0.019058
20140731,0.009516,0.028731,-0.042981,-0.082116,0.025605,-0.053743,-0.032655,0.017536,-0.07051,-0.066826,0.076202,-0.036302,0.014772,0.009542,0.003587,-0.037325,0.156523,0.060512,-0.006269,-0.037736,-0.031054,0.070182,0.012532,-0.024372,0.000931,0.02375,-0.071746,0.022938,-0.028887,-0.014794,0.002862,0.082814,0.000184,-0.049924,-0.063284,0.055334,-0.148026,0.00838,-0.098707,0.079655,0.022381,-0.07508,-0.099004,0.104209,-0.006397,-0.068054,-0.104346,-0.157158,0.096764,0.020241,0.111098,-0.015832,-0.059249,-0.054833,0.035809,-0.049778,-0.077648,-0.042279,-0.030398,-0.099535,0.035012,-0.072838,-0.133097,-0.040581,0.068045,0.072486,-0.056095,-0.057872,-0.003984,-0.004091,-0.008913,-0.01388,-0.069192,0.119482,-0.026161,0.003877,-0.079739,-0.023121,-0.027048,-0.15019,0.08092,-0.020226,-0.069816,0.006295,-0.025947,0.010065,0.000333,0.107355,-0.060942,-0.066993,0.082231,-0.044369,-0.130628,-0.01508
20140829,0.075568,0.077092,0.038269,0.030022,0.026688,0.005436,0.004612,0.064784,0.107109,0.066496,0.098909,0.08323,0.056668,0.020816,0.051832,0.183194,-0.007082,0.025868,0.152054,0.047534,0.070978,0.044565,0.046412,0.015208,0.018425,0.030117,0.031456,-0.009512,0.038436,0.05655,-0.067686,0.037354,-0.015513,0.173036,0.126191,0.050539,0.085264,0.083858,0.020854,0.029869,0.045403,0.087808,0.118409,0.174877,0,-0.004097,0.121631,0.139374,0.037032,0.014761,0.027232,0.075955,0.04976,0.048512,0.027286,0.038087,0.092537,0.004722,0.242703,0.38227,0.059082,0.067103,0.06346,0.129921,0.085479,0.051999,0.116286,0.098957,0.039867,0.015606,0.012205,0.04983,0.037982,0.108263,0.171118,0.005021,0.250284,0.073964,0.08287,0.146874,0.1184,-0.086824,0.207792,0.050492,0.04173,0.053937,0.069121,0.055967,0.052413,0.086236,0.031235,0.040584,0.034282,0.037655
20140930,0.007205,-0.017073,-0.037691,-0.024648,0.000958,0.027218,-0.051047,-0.020497,-0.064705,-0.182254,0.007749,-0.048962,-0.06925,0.02809,-0.116822,0.063711,0.017294,-0.035652,0.013199,-0.023823,-0.06023,0.033125,-0.025063,-0.035061,-0.013067,0.035018,-0.090473,0.014806,0.037205,0.067281,-0.020993,0.015371,0.045594,-0.095249,-0.058932,0.02036,0.020048,0.020023,-0.008392,0.056402,0.002559,-0.029181,-0.028374,-0.01032,0.010077,-0.049528,-0.086084,-0.095018,-0.002864,0.053739,-0.017425,0.030882,-0.025876,-0.021822,0.041302,0.052091,-0.032767,-0.049047,-0.053362,0.036874,0.020471,0.05092,-0.021042,-0.055397,0.018975,-0.027033,-0.051414,-0.001313,-0.03603,0.061224,-0.094491,0.013569,-0.017477,0.02872,0.004773,-0.030202,-0.155192,-0.038568,-0.029462,0.026592,0.024532,-0.040226,-0.100185,-0.018715,-0.01017,0.214366,-0.05141,-0.034253,0.200278,-0.094103,-0.055237,-0.042122,0.002367,-0.015514
20141031,0.083691,0.07196,0.013441,0.002627,0.126771,0.044283,0.018189,0.154022,0.022212,-0.178886,0.154635,-0.052661,0.038192,0.008703,-0.040404,-0.008621,0.094121,-0.029413,0.143293,0.042998,-0.006763,0.063287,0.072357,0.046376,0.029193,0.064236,0.067859,-0.027811,0.111354,0.037541,0.091132,-0.099663,0.080257,0.124031,0.15052,-0.07293,0.073335,-0.030244,-0.013586,-0.05124,0.074959,-0.004203,0.005541,0.052137,-0.031661,0.202325,0.174841,0.367176,-0.023263,0.00696,0.073578,0.004697,0.068876,0.084238,0.042303,-0.008569,-0.087233,0.029038,0.253106,0.100469,0.012726,-0.034151,-0.029762,-0.129461,0.000116,0.105767,0.059079,0.003361,0.169726,0.070588,0.148484,0.033086,0.05002,0.092089,0.068007,0.001325,-0.013717,-0.017192,0.032372,0.193642,0.003273,0.011084,-0.004038,0.146511,0.048438,0.022341,0.023978,0.08418,0.002938,0.157333,0.014899,0.100987,0.050295,0.023201
20141128,0.042772,0.105556,0.05077,0.101169,0.0472,0.077511,0.081338,0.018499,0.093255,-0.003571,0.023061,0.108623,0.063136,0.060193,0.085213,0.082899,0.026553,-0.041703,0.087515,0.051253,0.139673,0.016735,0.041212,0.071406,0.030533,0.068269,0.086723,0.129546,0.028628,0.021983,0.10522,0.032384,0.128612,0.144828,0.072248,0.045333,-0.003006,0.027304,0.02634,0.036138,0.028929,0.066024,0.067285,-0.104286,-0.030854,0.054211,-0.008776,0.126603,0.101882,0.066583,0.044312,0.092104,0.143391,0.122554,0.061392,0.157023,0.05559,0.111741,0.035182,0.111717,0.02492,0.086431,0.017382,-0.117575,-0.005841,0.119405,0.077533,0.133265,0.039004,0.010013,0.029394,0.040865,-0.066106,0.056868,0.1333,0.07901,-0.006272,0.058309,0.058809,0.015436,0.160714,0,0.011667,0.045747,0.095852,0.047016,-0.005934,0.005689,0.04652,-0.088291,0.049812,0.014042,0.028102,0.024534
20141231,-0.009646,-0.071891,-0.013301,0.022877,-0.020785,-0.03129,-0.017399,-0.050641,0.036175,-0.043011,-0.036416,-0.08354,-0.018199,0.020344,-0.069284,0.080728,-0.069928,0.103221,0.007579,0.005299,0.002565,0.004037,0.016298,-0.01815,0.017006,-0.002603,0.004128,0.006331,-0.007125,0.072317,-0.024634,-0.037852,0.029549,0.069763,0.070225,0.022595,0.025159,-0.02009,0.052212,0.004118,-0.007274,0.043269,0.043614,-0.060407,-0.028478,-0.007231,-0.033056,-0.032297,-0.025772,-0.017897,0.021573,0.012673,-0.034334,-0.032252,-0.037754,0.157709,-0.000886,-0.069515,-0.092976,-0.033883,-0.028446,-0.026147,0.077782,-0.014369,-0.025852,-0.061796,-0.043872,-0.018121,0.054066,-0.026155,0.029693,-0.048801,0.019616,-0.014083,0.032575,0.010344,-0.118277,-0.035813,0.001844,-0.12146,0.077664,-0.077081,-0.090422,0.013377,-0.017549,0.010673,0.033398,-0.051581,0.007805,-0.062493,0.075821,0.067177,-0.047315,-0.004189
20150130,-0.045239,0.061424,-0.035351,-0.061509,-0.010076,-0.100816,-0.051154,-0.009674,-0.083467,-0.037453,-0.044133,0.142355,-0.01622,-0.036075,0.036973,0.022766,-0.044085,0.146443,0.074779,-0.05166,-0.025874,0.026137,-0.017819,-0.093056,-0.079986,0.008748,0.003014,-0.045299,-0.080872,0.003315,0.027915,-0.07116,0.01023,0.085922,0.166862,-0.055595,-0.028047,0.006678,-0.060555,-0.027044,0.021981,-0.136622,-0.136571,0.112137,0.015426,0.068456,0.057482,0.090275,-0.089556,-0.055538,-0.065149,-0.125853,-0.069415,-0.056303,-0.036551,0.187309,-0.000222,-0.029869,-0.029216,0.079372,-0.130248,-0.164096,0.03828,0.293288,-0.084077,0.101977,-0.042145,0.038482,-0.027308,-0.011479,-0.116159,-0.008249,-0.159693,0.015625,-0.027053,0.066788,-0.03019,0.014286,-0.011042,-0.123834,0.142209,0.120267,-0.084574,0.060292,0.006079,0.032071,0.004684,-0.044211,-0.072896,-0.026345,-0.12168,0.044822,-0.108917,-0.031041
20150227,0.118121,0.100461,0.127905,0.131177,0.076457,0.189519,0.081056,-0.015663,0.101138,0.210117,0.041048,0.072293,0.0657,0.035982,0.116056,0.240474,-0.065024,0.052498,0.101997,0.020289,0.100336,0.086059,0.081897,0.195116,0.117321,0.065214,0.022404,0.119287,0.035135,0.060737,0.154351,0.074502,0.120675,0.016059,0.042289,0.092642,-0.050222,0.06773,-0.064189,0.040311,0.076382,0.06876,0.055489,-0.012401,0.044676,-0.010037,0.001383,0.077029,0.01362,0.12451,0.011163,0.064828,0.157106,0.14433,0.078755,0.033213,0.144723,0.048099,0.056721,0.20667,0.093069,0.04801,0.0479,0.074943,0.022487,-0.080732,0.153085,0.070015,0.110856,0.101083,0.069206,0.055449,0.160903,-0.006768,0.153745,0.07169,0.16335,0.095775,0.079553,0.302033,0.058158,0.094433,-0.001277,-0.108681,0.100094,0.066849,0.115929,0.17511,0.084347,0.076013,0.100278,-0.059952,0.105898,0.054893
20150331,-0.033454,-0.031372,-0.065234,0.076187,-0.030504,-0.087173,-0.062162,-0.039197,-0.099401,-0.138264,0.013505,-0.021202,0.025823,-0.061757,-0.015652,-0.002037,0.022822,0.030885,0.163911,0.004631,-0.010364,0.016653,-0.018206,0.069269,-0.044796,0.030859,0.004009,-0.060149,-0.034684,-0.022161,-0.00152,0.003062,0.018386,0.026342,0.028594,-0.003972,-0.009139,0.027902,-0.002768,0.041091,0.017036,-0.029671,-0.028857,-0.052159,-0.018625,-0.014984,-0.05024,0.067676,-0.059549,-0.006863,0.01006,-0.10261,-0.04791,-0.045237,-0.146071,-0.064582,-0.046226,-0.018817,-0.063732,-0.01931,-0.072862,-0.115422,0.012066,-0.122592,-0.082536,0.052579,-0.051451,0.182166,0.038966,-0.004415,-0.014208,-0.027329,-0.037926,0.090953,-0.002032,0.012997,-0.024828,-0.017995,-0.001939,-0.119703,0.120114,-0.040569,-0.071653,-0.039071,-0.027466,0.071682,-0.005709,0.046079,-0.012225,-0.012748,-0.144606,-0.004252,-0.001652,-0.017396
20150430,-0.003362,0.005786,0.028672,-0.018413,-0.012844,-0.030866,0.093985,-0.023485,-0.122784,-0.156716,-0.012136,0.133512,-0.026647,0.067012,0.00396,-0.07954,-0.038964,-0.114414,-0.100867,0.011388,0.029001,-0.019793,0.018421,-0.031329,0.022844,-0.053104,-0.053234,0.047411,0.089674,-0.020581,-0.061709,0.051511,-0.058352,0.083895,-0.012327,0.010055,0.012199,0.001062,0.035357,-0.041902,-0.02267,0.014294,0.007092,0.024254,-0.01676,-0.188439,-0.007488,0.060004,0.040934,0.037335,-0.01792,0.008749,0.013017,0.012849,0.076102,-0.005936,-0.02546,0.063175,0.161688,-0.009285,0.196409,0.03686,-0.05688,0.335525,0.026932,0.217379,0.060693,-0.042248,0.007353,-0.02469,0.035002,-0.005229,-0.019325,0.013245,-0.061503,0.047096,-0.028571,0.034031,0.01209,0.120693,-0.061451,0.074156,0.197489,-0.068945,-0.046079,0.001591,0.05098,-0.051665,0.045011,0.080559,0.073948,-0.025855,0.025059,0.008521
20150529,-0.022611,0.045146,0.039837,0.105433,0.011474,-0.047158,0.031101,-0.03185,0.022233,0.00885,-0.005446,0.017663,0.036813,0.049141,0.107166,0.266855,-0.01438,0.061669,0.12066,0.061126,-0.030076,-0.062944,0.014854,-0.042981,0.012119,-0.003216,-0.02727,0.016649,-0.050707,0.076798,0.105569,-0.032013,-0.018584,0.061418,0.080306,0.05321,0.003527,0.140189,-0.026044,0.005332,0.032861,0.002699,-0.014085,0.117003,-0.009733,0.081598,0.11848,0.133697,0.066052,0.038074,-0.016593,0.023129,0.103376,0.065411,0.088251,-0.060497,0.038454,0.08392,0.019673,-0.071694,-0.030222,-0.00711,0.076759,0.121402,-0.078621,0.106171,0.001464,0.167811,0.007804,0.028932,-0.024024,0.013772,0.024706,0.120448,-0.02235,0.05123,0.254805,-0.022785,0.064206,0.019218,0.186883,0.142186,0.109489,0.154852,0.031544,0.010126,-0.032783,-0.005039,0.040639,-0.134744,-0.003888,0.004129,0.100784,0.010491
20150630,-0.04616,-0.037266,0.024276,-0.055547,-0.056017,-0.075254,0.033625,0.103333,-0.045206,0.052632,-0.017535,0.011323,0.025169,-0.072752,-0.041568,-0.099548,0.008511,0.017507,0.089273,-0.006569,-0.076011,0.026304,-0.061025,-0.043403,0.033014,-0.052809,0.025434,-0.063118,-0.04196,-0.017424,-0.056088,0.079219,0.05334,0.11517,0.059677,-0.018253,-0.071239,0.019485,0.016141,0.083028,0.033437,-0.036483,-0.031399,0.046673,-0.0218,-0.053982,0.059589,-0.053926,-0.117382,-0.032453,-0.006663,-0.057828,-0.060143,-0.058046,-0.007295,0.092156,-0.034704,-0.007213,-0.022924,0.052954,-0.057832,-0.325457,-0.014115,0.052687,-0.05509,0.024433,-0.091279,-0.125167,0.029381,-0.051204,0.003933,-0.024759,-0.094288,-0.004741,0.00812,0.031851,0.12323,-0.033679,0.015234,0.029577,-0.048098,-0.002829,0.069617,0.007307,-0.078863,0.011991,0.00248,-0.023263,-0.037493,-0.032058,-0.1894,-0.045521,-0.068747,-0.021012
20150731,-0.023928,-0.032888,0.012097,-0.091221,-0.005734,0.010085,-0.000159,0.092217,-0.096774,-0.195833,0.150274,0.235113,0.031894,-0.047633,0.065262,-0.058602,-0.13271,-0.210823,0.069382,0.066633,0.048133,0.038517,0.015336,0.085314,0.037745,0.075818,0.015502,0.042607,-0.04196,0.010758,0.032902,0.07768,-0.012153,0.05839,0.07594,0.128031,0.021324,0.110562,-0.000948,0.096135,0.048654,0.040348,0.059764,0.006662,0.201917,0.133926,0.004305,0.000672,-0.048167,0.052099,0.100454,-0.056218,0.017692,0.019609,-0.055071,-0.037366,-0.096679,0.096986,-0.077699,0.145725,0.057758,-0.017516,-0.015474,0.218026,-0.007288,-0.04304,-0.007956,-0.012322,0.063413,-0.00128,0.016142,0.032248,0.028102,0.085331,0.093602,0.080481,-0.01095,0.061662,0.003751,0.004596,-0.08098,0.048749,-0.007866,0.145448,-0.023102,0.074976,0.073529,0.149384,0.093294,0.10394,0.097424,0.077377,-0.054574,0.019742
20150831,-0.023413,-0.066117,-0.041712,-0.035488,-0.030713,-0.075722,-0.097289,-0.127887,-0.067684,-0.062176,-0.136021,-0.043383,-0.058949,-0.082182,0.11012,0.006633,-0.147168,-0.067382,-0.116429,-0.045303,0.108196,-0.138873,-0.034171,-0.022867,-0.09742,-0.033379,-0.028032,-0.089374,-0.118926,-0.005965,-0.002536,-0.099193,-0.022684,0.112109,-0.075472,-0.035918,-0.031786,-0.051136,-0.079312,-0.048718,-0.018305,-0.174821,-0.205857,-0.108519,-0.011764,-0.017324,-0.098906,0.114212,-0.005872,-0.189279,-0.041675,-0.045617,-0.08273,-0.086895,-0.053337,0.018295,-0.007937,-0.061378,-0.157931,-0.098274,-0.061456,-0.113452,-0.002056,0.006299,0.026003,-0.194835,0.131704,-0.12723,-0.000999,-0.0375,-0.086829,-0.035496,-0.113838,-0.072535,-0.085403,-0.052822,-0.158763,-0.036616,-0.076908,-0.113955,-0.084248,-0.025824,-0.064212,-0.077581,-0.042817,-0.047823,-0.064396,-0.028193,-0.055407,-0.166845,-0.047641,-0.027113,0.010778,-0.062581
20150930,-0.034815,-0.021816,0.046455,0.009846,0.045654,-0.055829,0.002827,-0.091759,-0.086727,-0.049724,-0.088681,-0.00195,-0.005192,-0.033399,0.078938,-0.004287,-0.066825,-0.018466,-0.185082,0.032967,0.027925,-0.029145,0.016921,-0.031716,0.009764,0.032274,-0.060537,0.014297,-0.017531,0.008942,-0.005243,0.017178,-0.125885,-0.087954,0.024187,-0.098488,-0.03446,0.023393,-0.050078,0.005256,0.015715,-0.015907,-0.009493,-0.061388,-0.0159,0.038897,-0.110268,-0.050435,0.056062,0.034985,-0.100538,-0.002195,-0.107648,-0.085803,-0.098117,-0.208717,0.022306,-0.007554,-0.171622,-0.023978,0.017004,-0.087142,-0.008019,-0.102321,-0.073842,0.08041,0.09653,0.028588,0.041363,0.066502,-0.115313,0.022302,-0.050371,-0.094177,-0.000668,0.038933,-0.042463,-0.019659,-0.015981,-0.106826,-0.035947,0.005049,-0.00265,-0.013732,0.035117,0.033272,0.011357,0.023499,-0.183344,-0.019926,-0.024646,0.059294,0.012175,-0.026443
20151030,0.125806,0.083409,0.078326,0.065768,0.082504,0.25034,0.153277,0.125392,0.141593,0.232558,0.14358,0.222724,0.081348,0.054671,0.125283,-0.015039,0.364311,-0.004455,0.11128,0.074468,0.093735,0.10557,0.070717,0.085812,0.105309,0.093726,0.100608,0.107048,0.003346,0.085598,0.087845,0.185046,-0.017552,-0.029583,0.063764,0.141571,-0.059933,0.158226,0.077301,0.13426,0.114306,0.140746,0.137509,0.101232,0.168288,-0.075825,-0.185076,0.065259,0.123424,0.101183,0.080552,0.3424,0.036796,0.039493,0.172356,-0.02922,0.120678,0.10246,0.080277,0.008732,0.189336,0.105474,0.226946,0.049584,0.15473,0.203213,0.150913,-0.100149,0.10504,0.091749,0.009201,0.083669,0.1059,0.198327,0.043532,0.100809,0.075985,0.090909,0.082287,0.014634,-0.082769,-0.048229,-0.166948,0.155587,0.153069,0.064953,-0.031119,0.14229,0.197811,0.14682,-0.158862,0.006213,0.123113,0.082983
20151130,-0.073196,-0.00569,0.031581,0.025116,-0.008392,0.150027,0.019554,0.013864,0.125224,0.113208,0.023454,0.06215,-0.022033,-0.000754,0.083429,0.059449,0.162693,-0.012564,-0.18515,0.0036,-0.031607,-0.10092,0.027667,-0.018749,-0.028106,0.0234,0.09003,-0.055459,0.060022,-0.004834,-0.051828,-0.066139,0.152237,0.020403,-0.059387,0.060573,-0.010745,-0.095011,0.036262,0.022261,-0.002798,-0.030117,-0.038449,-0.020068,0.044724,0.032061,0.283501,-0.027993,0.033963,0.028431,0.047161,-0.001937,-0.047394,-0.038462,0.021021,-0.027456,0.007217,-0.054159,0.252821,0.13417,0.039324,-0.038043,-0.046608,0.137941,-0.098235,0.156992,0.122136,0.192853,-0.044849,0.051764,-0.008547,-0.019865,-0.170818,-0.023126,0.028272,-0.015662,0.01181,0.007353,0.002001,0.059473,0.078198,-0.063077,0.112743,0.065361,0.024683,-0.040009,0.046641,0.109677,0.037037,0.060023,-0.065998,0.000842,0.049979,0.000505
20151231,-0.054576,-0.110228,0.027116,-0.095895,-0.011709,-0.040019,-0.013335,0.068987,-0.005328,0.216102,0.007635,0.016682,-0.007617,-0.042601,0.027881,0.11606,-0.132725,0.067943,0.098459,-0.066816,-0.026176,0.009564,-0.067705,-0.022737,-0.07279,0.000496,-0.03699,-0.003486,-0.087232,-0.005896,-0.07061,-0.013304,0.023324,-0.036697,0.013719,-0.071308,0.016844,0.009666,0.005914,0.004029,-0.049667,-0.090818,-0.079634,-0.040959,0.021923,0.029653,0.043747,-0.050683,-0.009203,-0.036926,0.050267,0.043328,-0.001179,-0.00561,0.019437,0.09724,-0.03604,0.030921,-0.071381,-0.036544,0.020791,-0.111111,-0.019861,-0.07257,-0.134703,0.087484,0.039092,-0.098545,-0.039603,-0.025069,-0.060816,0.004618,0.024493,-0.002994,0.036868,-0.022153,0.069081,-0.009732,-0.089257,-0.011597,-0.07456,0.101972,0.042343,-0.014984,-0.056951,0.107784,0.025751,-0.023256,-0.027288,-0.048142,-0.029803,0.015984,-0.054739,-0.01753
20160129,-0.085919,-0.075242,-0.051203,-0.026392,-0.01924,-0.231577,0.004404,-0.234967,-0.054633,-0.233449,-0.059139,-0.131516,-0.046595,0.034584,-0.100491,-0.078815,-0.13632,-0.108667,-0.293433,-0.060067,-0.085395,-0.035898,-0.03158,-0.064118,-0.008329,-0.064272,-0.11839,-0.116185,-0.112909,-0.056343,0.054815,-0.068605,0.053095,-0.12967,-0.060754,-0.146288,0.064818,-0.187128,0.00098,0.072138,0.033895,-0.004774,-0.006996,-0.179761,-0.020991,-0.038124,-0.177108,-0.349378,-0.099565,-0.00715,-0.009722,-0.03403,-0.187677,-0.182978,-0.096071,0.182962,-0.037172,-0.038805,-0.140808,-0.093515,-0.00703,-0.221045,-0.121053,-0.197062,-0.166604,-0.13849,-0.111347,-0.112404,0.029516,-0.087162,0.035232,-0.006205,-0.092928,-0.226168,0.045531,0.012327,-0.265152,-0.090909,-0.059417,-0.212889,-0.102955,0.026329,-0.203367,-0.004018,-0.027367,-0.020703,-0.050468,-0.134615,-0.278789,-0.209212,-0.200999,0.064328,0.070258,-0.050735
20160229,0.116188,-0.001335,-0.044654,-0.008355,0.019256,0.105083,-0.001663,-0.035154,0.074788,-0.027273,-0.061874,-0.058739,-0.058623,-0.008929,-0.090465,0.001944,0.062167,-0.049952,0.106053,0.101738,0.032185,-0.119807,0.054054,0.047852,0.036259,-0.004566,0.126529,0.100462,0.056473,-0.022463,-0.099984,0.002697,-0.013158,-0.087262,-0.004725,0.014493,0.075414,0.030384,0.116617,-0.047144,0.011316,0.002214,0.001854,0.051205,-0.060812,0.043057,-0.048813,0.041667,-0.037718,0.011831,0.041065,0.018958,0.070619,0.079556,0.021034,0.010633,0.00087,-0.059629,0.035831,-0.070577,-0.069886,-0.036265,0.022754,0.017095,0.132695,-0.137889,0.074599,-0.047339,-0.002223,0.073757,0.054412,-0.014904,0.13079,-0.085863,-0.022751,-0.038835,-0.084597,0.005405,0.043124,-0.058112,-0.032066,-0.075965,0.003818,0.037176,0.0017,-0.088204,-0.002192,0.117593,-0.057961,-0.040628,-0.092747,0.034537,-0.054506,-0.004128
20160331,0.044461,0.127211,0.101585,0.117003,0.065533,0.126981,0.100863,-0.011222,0.122417,0.331776,0.053767,0.074423,0.077572,0.102944,0.076729,0.156901,0.10068,0.003469,0.007451,0.0942,0.048509,0.037211,0.052967,0.127367,0.058029,0.050323,0.08,0.087471,0.066694,0.069294,0.100386,0.112243,0.027539,0.043806,0.02911,0.002521,0.138774,0.037941,0.081917,0.067153,0.072676,0.043814,0.03738,0.057765,0.067615,0.07053,0.079007,-0.014014,0.093275,0.076262,0.067471,0.074845,0.04506,0.044494,0.130969,0.079388,0.083389,-0.005922,0.159591,0.062789,0.085495,-0.015052,0.086237,0.094422,0.098631,0.071391,0.136161,0.137984,0.051245,0.050983,0.061942,0.05482,0.006891,-0.061403,0.055566,0.025597,0.162305,0.061828,0.082458,0.122248,0.17231,0.032345,0.197155,0.04668,0.082988,0.172831,0.097199,0.047935,-0.070184,0.271133,0.096715,0.066262,0.004447,0.065991
20160429,-0.015313,-0.139921,0.004478,-0.048488,-0.014157,0.025896,-0.006879,0.000431,-0.033522,0.245614,0.055826,0.111094,0.014643,-0.037753,0.018617,-0.056634,0.017917,0.056354,0.026673,-0.016539,-0.072289,0.060045,-0.052589,0.048461,-0.000737,-0.057114,0.050773,-0.02529,0.059029,-0.000334,-0.069059,0.041486,-0.03335,-0.051981,-0.064438,0.023889,-0.021472,0.073734,-0.03898,0.0305,-0.047378,0.068085,0.085366,-0.039734,-0.069723,0.076992,-0.167294,-0.00276,-0.063988,-0.027113,0.04211,-0.039418,-0.02,-0.025559,-0.07506,-0.031901,0.008091,0.070788,0.059737,0.081272,-0.097049,0.026743,-0.02882,-0.119339,-0.127153,-0.020059,-0.002807,0.05193,-0.040123,-0.034994,0.077162,0.004684,-0.012124,0.045139,-0.019344,-0.058124,0.011114,0,-0.018993,0.062334,-0.142234,0.025587,0.04783,-0.092647,0,0.075049,-0.029279,-0.02417,0.061014,-0.024206,-0.134949,-0.042803,-0.091714,0.002699
20160531,-0.053503,0.071368,0.055721,0.046165,-0.006784,-0.025911,0.091979,0.083429,0.197851,0.287324,0.004106,0.095817,-0.018398,0.047502,0.138961,0.059074,-0.081112,0.053602,0.058692,0.065977,0.108247,-0.009441,0.025341,-0.067256,0.041804,0.004321,0.155696,0.056748,-0.024202,0.055915,0.052596,0.037634,0.135868,0.001709,0.240905,0.001228,-0.014306,-0.037056,-0.016243,0.010461,0.077876,-0.029217,-0.045605,-0.013037,0.06163,0.038174,0.072894,0.167981,0.051849,0.057191,0.013331,0.050186,-0.010072,-0.012841,0.0839,-0.007933,0.070992,0.035615,0.092962,0.040078,0.069982,0.183256,0.071109,0.139287,0.079949,0.269154,0.318182,0.107997,0.006662,0.04835,-0.049567,-0.017385,0.097585,0.058984,-0.059528,-0.020274,0.139515,0.017722,0.087332,0.105233,0.002993,0.088595,-0.072811,0.138385,0.062412,0.118734,0.023331,-0.01088,0.104458,0.01147,0.138872,0.033475,0.107707,0.015329
20160630,0.00636,-0.04266,-0.036996,-0.031795,0.051913,-0.070877,0.021819,-0.226242,-0.018428,0.124726,-0.03672,-0.00992,0.018519,-0.007702,0.009424,0.009977,-0.074997,-0.165361,-0.132181,-0.01699,-0.058271,0.053767,-0.062257,0.044304,0.029858,0.055589,-0.010099,-0.012392,-0.013243,0.035127,-0.068359,-0.056877,0.040866,0.230113,-0.012899,-0.042927,0.060986,-0.044408,-0.035629,-0.038128,0.03228,-0.068057,-0.063366,-0.036412,-0.059289,0.060409,-0.030726,-0.052482,0.038303,0.046409,0.042066,0.004388,-0.115862,-0.094949,0.018718,0.135784,-0.017802,0.026748,0.031648,0.0714,-0.034528,0.081761,-0.0598,-0.108121,-0.036819,0.086482,0.006207,-0.170918,0.025224,0.097381,-0.069596,0.054586,-0.024581,-0.124583,0.064139,0.040627,-0.000495,-0.017413,0.046642,-0.056919,-0.052127,0.011927,-0.049053,-0.025443,0.033828,0.04562,0.021287,0.011701,-0.076543,-0.015427,0.026214,0.090645,-0.026588,0.000906
20160729,0.078844,0.090063,0.02161,0.126942,-0.031784,0.098079,0.106766,0.101405,0.096788,0.33463,0.130661,0.060353,-0.015317,0.104929,0.013374,0.042342,-0.033606,0.19895,0.277892,-0.010288,0.071108,0.064676,-0.035141,0.027248,0.035818,0.064824,0.029178,0.073196,0.086273,0.093142,0.004368,0.112873,0.021753,0.162612,0.007392,0.331055,0.025302,0.097366,-0.030187,0.084529,0.014991,-0.008073,-0.015157,-0.047351,0.110808,0.010015,0.184998,0.127907,0.062805,-0.002867,0.051935,0.033584,0.091191,0.080279,0.067928,0.051313,0.096139,-0.033619,0.088221,-0.000498,0.10768,-0.001454,0.142617,-0.002514,0.079301,0.057189,0.214635,0.073398,0.07204,0.004034,0.136881,0.028129,0.168191,0.217307,0.090669,0.016282,0.18931,0.111392,0.001479,0.1543,0.0433,0.07095,0.106039,0.059599,0.119393,0.072115,0.051801,0.001735,0.127645,0.116111,0.00529,-0.017865,0.107305,0.03561
20160831,-0.00516,0.023606,0.045473,-0.013317,0.009668,0.133726,0.042064,-0.021306,0.138836,0.078717,-0.005639,0.01364,0.064123,-0.028006,0.030129,0.089147,0.071867,0.054151,-0.055623,0.057796,0.042569,0.034461,-0.001821,0.095116,-0.029591,-0.027987,0.011499,0.029807,0.004589,0.09546,-0.00087,-0.021654,-0.141136,-0.01236,0.064334,0.032092,-0.079453,-0.062323,0.008421,0.017589,-0.066238,-0.080651,-0.078829,-0.013716,-0.002263,0.201407,0.011963,-0.100987,0.037005,0.004145,-0.013424,-0.078325,-0.001892,-0.003877,0.039546,-0.014681,0.119159,0.023647,0.123595,-0.04196,0.020113,0.200146,0.006621,0.067945,0.312713,0.041514,0.07627,0.046736,-0.036748,0.023448,0.018823,-0.013014,0.016299,-0.076614,0.008814,-0.027907,-0.073034,-0.056948,0.094719,-0.068756,0.13814,0,-0.097023,0.081882,-0.003011,-0.053597,-0.026149,-0.1404,-0.02567,0.017399,-0.01768,-0.059573,0.067737,-0.001219
20160930,-0.051872,0.065504,0.060893,0.030211,-0.012025,0.073145,0.00915,-0.026379,0.010389,-0.066216,-0.019111,0.088603,-0.026081,0.028437,0.070824,-0.019215,0.064301,0.024212,-0.014592,0.003538,0.024188,-0.043229,0.011337,0.049609,0.016549,-0.059103,0.049784,0.008906,0.078501,-0.041784,-0.169394,-0.022706,-0.045586,-0.037655,0.051336,0.02301,-0.020882,0.069648,-0.030851,0.017047,-0.03474,0.002817,-0.005705,0.015438,0.01335,0.000444,0.079126,0.162639,0.051825,-0.012921,0.055957,0.006497,0.079937,0.071683,0.01811,-0.20298,0.003715,-0.020657,0.076279,-0.046007,0.002436,0.078229,-0.019401,0.011288,0.035559,0.135915,0.117052,0.158941,0.000571,-0.046151,-0.017714,0.018923,0.086095,0.024124,0.033098,-0.037169,0.212346,0.007246,0.001012,0.007555,0.017099,0.0082,-0.03764,0.037037,0.009203,-0.037337,-0.021313,0.050907,-0.077241,0.081378,0.263553,0.002901,0.002398,-0.001234
20161031,0.020347,0.004334,-0.00949,-0.005431,-0.012925,-0.000691,-0.08352,0.064958,-0.035489,0.04631,-0.153768,-0.056717,-0.013605,-0.036138,-0.025508,-0.012984,-0.028615,-0.104942,-0.129702,0.001958,-0.017931,-0.051336,0.08955,-0.074379,-0.063988,-0.030424,-0.020351,-0.02459,0.000328,-0.052664,0.076294,-0.004928,-0.042823,-0.107461,-0.080562,-0.133435,0.02343,0.10718,-0.059837,0.021205,-0.009953,0.066694,0.084641,-0.069388,0.009327,-0.049588,-0.250578,-0.077633,-0.076291,-0.008454,-0.072776,0.077464,-0.046226,-0.03753,0.022701,-0.061168,-0.025587,0.02369,-0.091691,-0.016824,0.040278,-0.034871,-0.007513,0.267073,-0.04718,0.067323,0.038529,-0.019704,-0.055942,-0.038189,-0.065669,-0.014434,0.003212,-0.141784,-0.027372,-0.019764,-0.04277,0,-0.000674,0.025733,0.010507,0.064426,-0.030878,-0.015306,0.009547,0.022523,0.003322,0.073875,-0.130146,-0.054641,-0.000513,0.009966,-0.063857,-0.019426
20161130,0.151092,-0.021578,-0.043717,0.164743,0.102918,0.004566,0.082984,-0.060613,0.110729,0.232365,0.027699,-0.049695,0.029338,-0.023575,-0.151957,0.001233,-0.056033,0.049575,0.063463,0.027365,0.144511,-0.150222,-0.026372,0.101725,0.124393,0.018192,0.042882,-0.028031,0.179613,0.08681,0.072639,0.022759,0.166909,-0.165516,0.00917,-0.024553,-0.036454,-0.038072,0.216008,-0.095962,0.062348,0.063282,0.070042,0.000951,-0.033778,0.098096,-0.022036,0.176153,0.002581,0.045429,-0.042168,0.070164,-0.039264,-0.042453,0.094569,-0.004541,0.098935,-0.082332,-0.060651,-0.069904,0.012183,0.138112,-0.000757,-0.063026,0.077195,-0.124946,0.297639,-0.0085,0.038043,0.067935,0.136016,-0.059212,-0.000873,0.099183,0.080748,0.097042,0.253578,0.098321,0.019727,-0.042698,0.002469,0.090086,-0.042128,0.109034,0.050529,0.066409,0.018761,-0.061533,0.075798,-0.027227,0.089322,-0.061131,0.067623,0.034174
20161230,0.049505,0.047955,0.001362,-0.021821,0.076338,0.019281,0.0331,-0.001958,0.002174,0.272727,0.014854,-0.000933,-0.016378,0.087947,-0.013657,0.042818,-0.015214,-0.035672,-0.032582,-0.040335,0.016589,-0.048413,0.025871,0.045803,-0.002661,0.066618,0.01261,0.013414,0.003351,0.008377,0.017248,0.029747,-0.124546,-0.085618,-0.006057,0.067602,0.091664,-0.08682,-0.008861,-0.028458,0.015867,-0.028867,-0.00249,-0.021981,0.018179,-0.00323,-0.038306,-0.019748,0.045245,0.008181,-0.014866,-0.014529,-0.023308,-0.024631,0.001509,0.140375,-0.030674,0.079534,-0.009695,-0.009162,0.031198,0.122376,-0.017825,0.05812,-0.035284,-0.03909,0.157701,-0.011498,0.014244,0.03274,0.037812,0.045255,-0.043006,-0.032038,-0.027445,-0.042263,-0.185774,-0.026258,-0.026786,-0.112287,-0.028497,0.060874,0.128247,0.001219,-0.012985,-0.017572,-0.02299,-0.035257,-0.097292,-0.2162,0.075243,0.052038,0.118377,0.018201
20170131,0.023222,0.047746,0.101311,0.031947,-0.017416,0.099041,-0.046187,0.068083,0.061357,-0.085538,0.071609,0.098164,0.008325,0.081996,0.113542,0.128585,0.064838,-0.022357,0.057822,0.032117,-0.011135,0.13384,0.169429,0.125139,0.092252,0.023983,0.024003,0.025149,0.291122,0.004759,-0.061396,0.02105,0.00013,0.325796,0.059294,0.072078,0.010989,0.073358,0.064283,0.132725,0.01082,0.137982,0.119115,0.01173,0.032352,0.043148,0.250391,0.208836,0.015164,0.037606,0.092278,0.081723,0.192547,0.182828,0.086352,0.038775,0.049883,-0.001128,0.187332,-0.039242,0.040393,0.099909,0.153228,0.136591,0.091863,0.179066,0.022859,-0.001633,-0.057972,-0.002135,0.053365,-0.008124,-0.180521,-0.021248,0.007774,-0.005403,0.141558,0.060674,0.068468,0.131183,0.232521,0.082768,0.178951,0.088456,0.042072,0.068016,0.01811,0.054424,0.165603,0.257225,0.173363,0.015233,-0.035945,0.017884
20170228,0.031797,0.133581,0.043747,0.099279,0.01614,0.060979,0.120733,0.004362,0.060438,0.394407,0.134031,0.026182,0.144757,0.002389,0.122358,0.057293,-0.005369,0.129578,0.071893,0.187092,0.146574,0.024763,0.001418,-0.002747,-0.00769,0.08344,0.042298,0.11263,0.050658,0.016364,0.12702,0.088399,-0.006607,-0.012508,0.036797,0.065033,0.03226,-0.020972,0.007045,0.040055,0.074188,-0.053531,-0.046526,-0.027191,0.033158,0.184828,0.045596,0.098094,-0.009777,0.057851,0.063968,0.06521,-0.021382,-0.001139,0.032039,-0.033328,0.082123,-0.00813,0.13744,-0.02723,-0.004331,-0.027789,0.003372,0.010092,0.091597,0.201497,-0.069243,0.05069,0.035993,0.018743,-0.003863,0.063596,0.067004,0.03955,0.037362,0.034408,0.089807,0.080509,0.135952,0.066886,0.033464,0.004175,-0.007701,0.062069,0.014297,0.004224,0.003388,0.028176,0.055316,-0.001926,-0.035746,0.057841,0.016323,0.037198
20170331,0.082653,0.04869,0.099628,0.000244,0.003313,0.00197,0.11629,-0.076267,0.073992,0.006224,-0.070583,0.04911,0.00103,0.091298,0.111456,0.042905,-0.009246,-0.052599,-0.065474,0.016181,-0.020204,0.069222,0.037913,0.013186,0.004543,-0.053561,0.047176,-0.011118,-0.041392,0.072282,0.004218,0.056238,0.023213,0.084058,0.034913,-0.009735,-0.019886,0.062248,0.029382,0.04803,-0.00078,0.088927,0.088569,-0.028944,0.007714,0.066717,0.019355,0.004282,-0.003591,-0.075335,0.039986,0.054927,0.004762,-0.001425,0.086637,-0.205179,0.017375,-0.0148,0.003557,0.114141,0.029384,0.232935,0.014898,0.039963,0.000478,-0.065725,0.073413,0.006711,-0.006882,-0.041029,0.005837,0.020226,0.015227,0.03751,-0.037183,0.026728,-0.042498,0.011788,0.009658,0.009072,0.033435,0.032944,0.113244,0.04019,0.051423,0.043156,-0.021466,0.056263,0.206687,0.00422,0.079995,0.025166,-0.015811,-0.000389
20170428,0.002548,-0.00007,0.027741,-0.070165,0.02051,0.041633,0.173568,0.053943,0.043959,-0.085911,-0.004571,0.043371,0.030785,0.00269,0.047934,0.008449,0.04469,-0.008083,0.09182,0.037261,0.023913,0.100255,0.01315,0.054503,0.046754,0.05862,-0.002099,0.016568,0.092159,-0.032164,0.011929,-0.02938,0.054932,-0.079901,0.059205,-0.004766,-0.037521,0.05984,-0.126214,0.057726,0.033215,-0.060415,-0.057116,0.009276,0.092097,0.084859,0.083333,-0.070248,0.002218,0.082421,0.090545,0.033133,-0.012545,-0.012272,0.128467,0.002506,0.024397,0.045265,0.08247,-0.017111,0.039478,-0.042561,-0.018016,0.0297,-0.04325,-0.065528,-0.042504,0.021739,-0.080381,0.006452,-0.006994,0.012694,-0.062783,0.002529,-0.013208,0.028601,0.086542,-0.038835,0.021766,0.032429,0.017963,0.041492,0.12853,0.060402,-0.010924,-0.013288,0.020582,0.020778,0.081847,0.049472,0.079244,0.013498,0.090171,0.009091
20170531,0.143614,0.067804,0.060715,0.125459,-0.020289,0.240924,0.078592,-0.232822,0.132233,-0.158647,-0.042432,0.075276,0.146786,0.001062,0.121148,0.084552,0.03257,-0.086427,-0.085559,0.078907,0.021154,0.009266,0.0773,0.00113,0.063792,0.058641,0.009385,-0.074552,0.069433,0.027844,0.113399,0.019768,-0.061254,-0.142637,0.195212,0.026639,0.05797,0.077326,-0.033796,0.008053,0.051536,-0.099129,-0.111984,-0.053392,0.065014,0.003935,-0.040571,0.040634,0.006432,0.123233,0.094285,0.064345,-0.136646,-0.141289,0.071246,-0.071731,0.106926,0.034644,0.201826,0.114147,0.025854,0.112035,0.090147,0.071419,0.01606,0.077132,0.385331,0.039244,-0.024461,0.006916,-0.05275,0.038798,0.076293,0.181652,-0.016615,0.06327,-0.06325,0.062626,0.015875,-0.047737,0.069882,0.00223,0.085777,0.221002,0.041803,0.083144,-0.023186,0.013945,0.044801,0.143936,0.011115,0.063485,0.062589,0.011576
20170630,-0.068184,-0.057214,-0.002961,-0.08757,0.006447,-0.097969,0.033884,0.241151,-0.099608,0.115281,0.109443,-0.026764,-0.036808,-0.012728,-0.017241,-0.022591,-0.038904,0.095209,0.036285,-0.046955,0.039049,0.017139,-0.026506,-0.025177,-0.062665,-0.113617,0.019237,-0.007295,0.0072,0.001271,-0.007622,-0.035861,-0.100129,0.094405,-0.067149,0.018076,-0.00661,0.035958,0.008339,-0.003169,-0.023467,0.03606,0.044985,0.098783,-0.058174,-0.041392,-0.021651,-0.026444,-0.065633,-0.055674,0.02262,-0.120096,0.05036,0.049125,-0.085648,0.236171,-0.073469,-0.068899,-0.087529,-0.017405,-0.01303,-0.029574,-0.060669,-0.083768,-0.010867,0.055657,0.001455,-0.004095,-0.096414,-0.038663,0.04892,-0.011808,-0.035795,0.069882,-0.094337,-0.08332,-0.19131,0.041905,-0.025912,-0.071032,-0.098469,-0.10086,0.060409,-0.043784,-0.067402,-0.057407,0.043021,0.031056,0.042638,-0.029806,-0.01066,-0.034857,-0.035827,0.004814
20170731,0.03868,0.032704,0.035704,0.015553,0.160551,0.098889,0.113975,0.128791,0.072622,0.090545,0.013238,0.020434,0.064678,0.153634,0.073128,0.058399,0.265515,0.06718,-0.034023,0.101821,0.014393,-0.031593,-0.030253,0.163456,0.039311,-0.008879,-0.009437,0.014058,-0.095675,0.069898,0.043976,-0.00754,0.030893,-0.089405,0.104238,0.023196,0.062933,0.050487,-0.005743,0.121009,0.050352,0.029422,0.026817,0.075021,0.023957,0.031223,0.001902,0.058613,0.051274,0.03569,0.00309,0.012239,0.054172,0.050994,0.127484,0.033015,0.037056,0.019217,0.149633,0.061795,0.054693,-0.058272,0.012027,0.215849,0.089139,0.035426,0.12417,0.00804,-0.066014,0.024763,0.036493,0.009698,-0.036762,0.000977,-0.041746,-0.074258,-0.023966,0.071298,0.049911,0.054843,0.092965,0.017156,-0.105473,0.083129,0.064344,-0.12574,0.034254,0.088318,0.178087,0.05268,-0.039278,0.031168,-0.01648,0.019349
20170831,-0.002687,0.106905,0.059185,0.05898,-0.104617,0.033126,0.056868,0.036916,0.020537,-0.04482,0.025271,-0.007269,-0.005635,0.039779,0.061185,0.021933,0.00751,0.093132,0.028041,0.06477,0.002365,0.052975,0.057572,0.016917,0.003955,-0.008012,0.038107,0.024165,0.021484,0.001186,0.023081,-0.009749,0.104883,0.120102,0.040774,0.011195,-0.003717,-0.049914,-0.00675,0.016071,-0.037276,-0.05542,-0.05189,0.100145,0.00949,-0.066262,0.176071,0.03091,-0.003595,0.030901,0.07078,0.017813,0.004135,0.007934,0.040888,-0.066353,0.088981,-0.076329,-0.103842,0.058199,0.033838,0.136913,0.034771,-0.038258,-0.109627,-0.111186,0.043505,0.023838,-0.03999,-0.014175,-0.027319,-0.000643,-0.00658,0.01074,0.05658,0.020934,0.040198,-0.017065,0.050281,0.11798,0.007724,0.049465,0.100257,0.230372,0.017695,-0.120218,-0.071167,0.025502,0.057436,0.074234,0.037007,0.04629,0.049794,0.000546
20170929,0.064491,-0.060244,-0.038541,0.035258,0.032122,-0.019221,0.053921,-0.014887,0.154477,-0.019231,0.048827,-0.019631,-0.047275,0.095259,-0.016016,-0.033761,0.086121,-0.010867,0.031933,0.004581,0.040681,0.052228,0.019219,-0.088122,-0.05245,0.048169,0.051392,0.044086,0.080876,0.068662,0.025011,-0.017773,0.090156,-0.344257,-0.028313,0.064489,-0.005281,-0.029792,0.068198,-0.006396,0.042438,-0.041697,-0.037332,-0.025923,0.021058,0.000386,-0.025726,-0.150426,0.085828,0.004878,0.041018,0.131391,-0.002647,-0.009991,0.117544,0.081668,0.034332,0.005411,0.00236,-0.010211,-0.003745,0.230216,0.022503,0.038006,0.131919,-0.043612,0.055064,0.001151,0.098098,0.051376,0.090607,-0.037155,-0.008227,-0.100181,0.107442,-0.020962,0.035789,-0.04,0.001368,-0.009837,-0.03284,-0.047133,-0.041585,0.045403,0.082347,0.02285,0.026403,0.025446,-0.052946,-0.039201,-0.015521,-0.036768,0.072207,0.019303
20171031,0.083621,0.096808,0.174152,0.059534,0.063483,0.11313,0.282976,-0.147052,0.083317,-0.138431,-0.060231,0.149717,0.113909,0.055783,0.015191,0.088109,-0.01514,-0.004663,-0.117976,0.093489,0.060606,-0.053281,0.032363,-0.080485,-0.059576,-0.019539,0.055863,0.024086,-0.070586,0.032991,0.043149,0.075371,0.051025,-0.080838,0.013044,-0.021321,0.067428,-0.133945,0.037516,0.053784,0.003644,-0.013183,-0.008719,-0.074796,0.059983,0.068686,0.03007,-0.029895,0.19459,0.065217,0.076682,0.027264,-0.090239,-0.085933,0.127162,-0.011888,0.055915,0.018938,-0.071911,0.048507,0.11666,0.126621,0.101237,0.083154,0.019653,0.068648,0.15685,0.035016,-0.020523,0.072215,-0.008432,-0.010769,-0.016011,-0.099526,-0.016726,0.021039,0.126815,-0.014493,0.074382,0.013097,0.11737,-0.030652,-0.028056,0.082363,0.085565,-0.107361,0.022358,0.010621,-0.038214,0.053136,0.033218,0.046492,0.040378,0.022188
20171130,0.065701,0.02035,0.036024,-0.051917,-0.015483,-0.122119,0.09164,-0.082317,-0.063087,-0.008648,0.009074,0.064662,0.083973,-0.028935,-0.047183,0.053162,-0.021973,0.033723,0.045194,0.017377,0.003143,0.046949,-0.114009,-0.02382,0.04191,0.148063,0.189308,0.09224,0.109459,0.06723,-0.042817,0.060767,0.126137,0.299311,-0.110786,-0.078905,0.045449,-0.014921,0.115393,-0.015995,0.015607,0.223969,0.221415,-0.002401,0.004692,-0.058735,0.121059,-0.125916,-0.008299,0.041054,0.065058,-0.055653,0.029498,0.031449,-0.077864,0.088603,-0.07856,0.036447,0.144938,0.081823,0.016951,-0.043331,0.002855,-0.045054,0.272175,0.168523,-0.02877,-0.031269,0.119744,0.055181,-0.016032,0.064365,0.311704,-0.101237,0.200031,0.05981,-0.006198,0.013051,0.044614,0.190044,-0.077288,0.02175,-0.06841,0.008134,0.006205,0.098717,0.133686,0.070499,-0.013267,-0.071988,-0.116612,0.042205,-0.051974,0.028083
20171229,0.06874,-0.015246,-0.034331,0.03391,0.029355,-0.044394,-0.148306,0.089063,-0.031268,-0.056015,-0.010019,-0.006187,-0.004049,-0.009685,0.014744,-0.069403,-0.018317,-0.011174,0.039277,-0.047597,-0.007428,-0.046683,-0.006424,0.029889,0.066862,0.009163,0.000695,0.02681,-0.013274,-0.010226,-0.017432,0.004222,0.044278,-0.017799,-0.01213,0.088549,-0.055143,-0.022286,0.043901,-0.004064,-0.002434,0.095345,0.081089,-0.035036,0.024466,-0.000192,-0.050167,-0.043237,0.029438,0.003562,-0.087148,0.02768,0.128463,0.097632,-0.040347,0.173686,0.010231,0.001863,0.144181,0.009893,0.016277,-0.02996,-0.000956,0.02335,-0.021058,0.04977,-0.035923,0.032631,0.018331,0.01144,0.027726,0.02918,-0.034971,0.038965,0.055504,-0.006745,-0.121943,-0.025455,-0.056871,0.034336,-0.09347,0.039954,0.008095,-0.015867,0.073492,0.008795,-0.004356,-0.005734,0.038603,-0.012233,0.014836,-0.060841,-0.030068,0.009832
20180131,0.085537,-0.010636,0.139922,0.032012,0.054953,0.102929,0.179171,-0.002258,0.0491,0.336576,0.069868,0.240639,0.095264,0.167645,0.17072,-0.034527,0.054267,0.091785,0.011887,0.072693,0.07627,0.02582,-0.002027,0.122902,0.065855,0.047013,0.020375,0.092167,0.031994,0.080986,0.098001,0.054091,0.071662,0.014114,0.208452,0.075252,-0.022837,0.068799,0.011702,0.059107,0.074049,0.069461,0.068636,0.169738,0.118062,0.196061,0.064763,-0.046669,0.042894,0.066612,0.182852,0.045018,0.042969,0.056738,0.040474,-0.004835,0.083523,0.037383,0.230217,0.078053,0.110708,0.06323,0.166794,0.408106,0.115329,-0.072188,0.270284,0.027586,0.100399,0.009841,0.048959,0.003169,0.066073,-0.024763,0.026667,-0.010796,-0.02243,0.139925,0.086462,0.115041,0.023802,0.025035,0.13798,0.153853,0.056013,-0.006975,0.042188,0.004194,0.113506,0.178396,0.118823,-0.051341,0.083061,0.056179
20180228,-0.039365,0.06761,0.046906,-0.018829,-0.067217,0.016001,0.001985,-0.015672,0.075704,-0.118632,-0.00516,0.042429,-0.010578,-0.037298,-0.01349,-0.00633,0.02195,-0.169115,-0.10041,-0.135756,-0.022062,-0.071893,0.004642,-0.093625,-0.148601,-0.017807,0.062174,0.077997,-0.04985,0.01312,0.054373,-0.008193,-0.107478,-0.035395,-0.025677,0.056185,-0.029213,-0.178424,-0.004367,-0.045856,0.018106,-0.001918,-0.002168,-0.060501,-0.055738,0.001016,-0.019859,-0.056817,0.030121,-0.006194,-0.012093,0.037341,-0.166934,-0.160235,0.001775,0.036952,-0.062245,-0.011261,0.002247,-0.07123,-0.008631,0.116423,0.005902,0.077987,-0.015447,-0.082552,-0.014849,0.036071,-0.077449,-0.045714,-0.036481,-0.087864,-0.039267,-0.126033,-0.052191,0.010385,0.032505,0.029624,-0.085736,0.008986,0.127147,-0.068971,-0.031752,-0.116839,-0.012036,-0.084421,0.021389,0.009572,-0.005034,0.056552,-0.021803,-0.051709,-0.019447,-0.038947
20180329,-0.037037,-0.058051,0.033233,0.016195,-0.010493,0.069039,-0.043387,-0.051,-0.034381,-0.170107,-0.072319,-0.043049,-0.02032,0.016224,-0.072884,-0.036761,-0.115519,-0.052493,-0.001232,-0.051586,-0.035925,-0.09601,-0.043796,-0.089814,-0.056338,-0.012939,0.088015,-0.042206,0.037044,-0.000469,-0.018532,0.008696,-0.075409,0.320983,-0.019887,-0.061129,0.053186,0.052677,-0.002376,-0.103914,-0.00537,0.003569,0.001358,-0.035184,-0.066025,0.022219,0.036839,-0.021489,0.056604,0.038895,-0.031938,-0.037949,0.005459,0.01332,0.061503,0.09889,0.027325,-0.044419,-0.081398,-0.097207,-0.026661,0.068224,-0.011815,0.013625,0.018827,-0.044179,-0.043017,-0.061447,0.013064,-0.054353,-0.075709,0.00205,-0.147538,0.074647,0.001473,0.013835,-0.030741,-0.006369,-0.016889,0.055687,-0.082288,0.007095,-0.224246,-0.12595,-0.041163,0.004524,0.017712,0.021893,-0.01837,0.003474,0.065832,0.059612,0.013895,-0.026885
20180430,0.005148,-0.01502,0.025546,-0.041479,0.040536,0.002548,-0.005097,0.055356,-0.106815,0.082587,0.023463,0.082075,0.031719,-0.042404,-0.016454,-0.026437,0.124154,-0.000803,0.030097,0.089475,0.013938,0.00431,-0.028488,-0.128302,-0.075797,0.04633,0.002945,0.040336,0.066056,-0.001641,0.016398,0.108944,0.010432,-0.013215,-0.026889,-0.058648,0.017175,0.04284,-0.077487,0.076413,-0.00631,-0.008249,-0.003543,-0.041915,-0.014015,0.016197,0.019076,-0.25669,-0.008833,0.068243,0.067703,-0.066691,-0.037368,-0.043707,-0.089092,0.119838,-0.084282,-0.053439,-0.047083,-0.03863,0.024652,-0.118143,-0.094985,0.057931,0.082509,-0.08317,-0.028887,-0.103419,0.035128,-0.016561,-0.037781,-0.075218,-0.079408,-0.118132,0.036804,-0.005528,-0.021972,0.014423,0.027271,0.043297,-0.13465,-0.008683,0.104347,0.019738,-0.023679,0.228325,0.023558,-0.009615,-0.060253,-0.017859,-0.146093,0.029903,-0.110742,0.002719
20180531,-0.006658,0.135181,0.12491,0.112536,0.101118,0.025417,0.328597,-0.012752,0.026374,0.261948,0.037024,0.040539,0.007052,0.043513,0.068727,0.098727,-0.03324,0.074415,0.081787,0.05966,0.125824,0.024549,0.008807,-0.037782,-0.00669,0.008369,0.073414,-0.035674,0.092271,0.07017,-0.076632,0.026334,-0.138701,0.202378,0.109595,-0.004224,0.051789,0.053761,0.064813,0.115,0.024555,0.05822,0.054431,-0.06687,0.066507,0.070543,0.130785,0.102196,0.075165,0.090968,0.042856,0.120307,-0.054081,-0.048797,0.070896,0.052605,0.168342,-0.005823,-0.143635,-0.069818,0.061377,0.252501,0.083853,0.125264,0.026134,-0.110943,0.12201,0.086749,0.052095,0.09196,-0.018219,0.002353,0.151539,-0.011064,-0.024366,-0.010422,0.181676,0.123381,0.029938,0.079493,0.140272,-0.079491,-0.031201,0.12406,0.109435,-0.015942,-0.001973,0.110884,0.005484,0.049023,0.059906,-0.028181,0.065847,0.021608
20180629,-0.064716,-0.009418,-0.021943,-0.008026,0.036994,0.015414,0.030697,0.069061,-0.09039,0.09177,0.02767,0.043065,0.069902,0.006712,0.076294,-0.030468,0.001814,-0.012655,0.042727,0.020259,0.009244,0.001843,0.003287,0.123238,0.052277,0.054177,0.031552,0.007492,-0.013457,0.015473,0.048308,-0.007385,0.02918,0.079441,0.077229,-0.038706,0.029234,-0.00694,-0.095811,0.013244,0.020523,0.290804,0.288975,0.059495,0.028258,0.046732,0.025143,-0.018603,-0.099457,0.013418,0.040921,-0.094498,-0.034023,-0.038656,-0.122263,0.188482,-0.06603,0.049656,0.027851,0.120016,-0.002327,-0.089425,0.00017,0.113282,0.149444,0.106649,-0.060629,-0.041491,0.015441,0.042238,-0.004339,0.085985,-0.034412,0.148741,0.077269,-0.137992,0.097537,-0.046479,-0.028387,-0.105586,-0.019876,0.072711,0.204474,0.056031,-0.014833,-0.054473,0.013178,0.053511,0.103636,-0.075137,-0.067058,0.011863,-0.041844,0.004842
20180731,0.009795,0.027983,0.003568,0.002294,0.006337,-0.020215,0.042409,0.070963,0.052825,0.222815,0.064792,0.045676,-0.030428,0.080972,-0.037998,-0.086012,0.017202,0.152047,0.067516,0.01801,0.040847,0.038301,0.15346,0.038778,0.096312,0.04656,0.014675,-0.009528,0.108184,0.104879,0.031776,0.048932,0.073882,0.001579,-0.087009,-0.077496,-0.002347,0.11357,0.191149,-0.111877,0.018761,-0.098437,-0.094385,0.098673,0.091077,0.123841,0.161373,-0.006866,-0.032388,0.001591,0.062092,0.145226,0.025054,0.019917,0.102922,-0.039247,0.027268,0.058049,0.147125,0.047469,0.075753,0.006674,0.042278,-0.137905,-0.007768,0.021095,0.033601,-0.127482,0.118544,0.017996,0.060684,0.056306,0.142017,0.066727,0.031622,0.072467,0.060401,0.036928,0.045109,-0.03037,-0.021417,0.004184,-0.13066,-0.045117,0.015329,0.046817,0.027685,0.056833,0.029948,0.023943,-0.093786,0.025832,0.104352,0.036022
20180831,-0.007509,0.200063,0.076958,0.033181,0.087118,0.201728,0.083667,-0.080626,-0.111248,0.373159,0.023302,0.132365,0.101255,-0.041822,-0.017979,-0.012355,-0.083745,0.057182,-0.005768,0.066909,0.043763,0.048808,0.031242,0.019108,0.033818,0.068538,0.120578,0.129581,0.052349,0.043476,-0.035215,0.036828,-0.117989,0.517713,-0.119146,0.034679,0.036588,-0.022564,0.025119,0.018252,0.060811,0.010806,0.008889,-0.026982,0.000764,0.037194,0.093939,0.11076,0.013098,0.074569,0.10195,-0.003918,-0.050301,-0.046057,-0.092058,0.291621,-0.075308,-0.015214,-0.001458,0.014495,0.062877,-0.005115,-0.003435,0.089584,0.11984,-0.231318,0.1469,-0.023075,0.096144,0.061287,0.045344,-0.026,0.072086,0.105269,0.095505,0.027104,0.090341,0.012963,0.142122,0.333507,-0.030662,0.100667,0.011806,0.181738,0.009702,0.063873,0.076568,0.09213,0.053413,0.246089,-0.098503,0.025395,0.084917,0.030263
20180928,0.043963,-0.008303,0.024439,-0.064643,0.031346,0.011403,0.012238,0.137189,-0.101581,0.227255,0.037436,-0.004824,0.003764,-0.083053,0.153814,0.134456,0.009714,-0.000509,-0.030106,-0.036565,0.015532,-0.010751,0.012738,0.049871,-0.042714,0.007507,-0.198725,0.018422,-0.001483,-0.072925,-0.01632,-0.025083,0.012918,-0.009281,0.062428,-0.04594,-0.001144,-0.000153,-0.005826,-0.064132,0.02885,0.024499,0.024449,0.02707,-0.020292,-0.017241,0.034467,-0.06535,-0.023539,0.036132,0.025,-0.124774,0.079075,0.087679,-0.117222,0.048796,-0.082762,0.011704,-0.005666,-0.042864,0.018161,-0.138804,-0.067472,0.017542,-0.010598,0.154469,0.001211,-0.079343,0.035478,0.005461,-0.003362,0.006406,0.057342,-0.006663,0.037012,0.063424,0.00469,-0.109859,-0.03456,-0.056496,-0.006462,0.062689,-0.12229,0.033169,-0.045463,0.085077,0.01226,0.00952,0.045228,-0.05539,-0.066414,-0.009573,0.030065,0.004294
20181031,-0.114671,-0.030478,-0.089609,-0.094636,-0.043675,-0.172058,-0.434589,-0.193799,-0.149288,-0.410489,-0.06995,-0.202192,-0.198896,-0.083289,-0.169972,-0.094192,-0.168882,-0.138802,-0.0495,-0.016549,0.012258,-0.110697,-0.056684,-0.016908,0.082463,-0.026609,-0.050844,-0.052826,-0.070088,-0.080582,-0.10525,-0.078176,0.033722,-0.071798,-0.244917,-0.120836,0.003436,-0.038703,-0.107032,-0.07704,-0.037388,-0.013968,-0.017483,-0.116954,-0.097782,-0.150365,-0.152318,-0.061668,-0.00867,-0.070053,-0.092021,-0.09999,-0.114068,-0.110795,-0.065722,-0.133916,-0.166392,-0.022812,-0.046906,-0.093171,-0.066101,-0.16604,-0.112963,-0.193382,-0.0815,-0.089376,-0.249769,-0.122924,-0.0765,-0.103191,-0.161021,0.005188,-0.126892,-0.16038,-0.001009,0.025158,-0.272173,-0.047468,-0.09208,-0.174262,-0.043545,-0.023226,0.274011,-0.066092,-0.127598,-0.026939,-0.00589,-0.109793,-0.120784,-0.088779,-0.264264,0.038128,0.064862,-0.069403
20181130,-0.012405,-0.180709,0.020874,0.103811,0.023182,0.117988,0.039286,0.098867,0.139903,0.169687,0.087038,0.057672,0.083383,-0.00586,-0.277625,0.062285,-0.009365,0.096789,0.041879,0.010545,0.032941,0.010999,0.007297,0.027562,0.022811,0.014084,0.046412,0.046339,0.057944,0.041568,0.034768,0.063433,0.0293,-0.023951,-0.075951,0.028247,0.066766,-0.034442,0.152694,-0.073654,-0.002144,0.085215,0.086775,0.055148,0.016401,-0.039412,0.084686,-0.008794,0.058234,0.01673,0.018592,0.084881,-0.031213,-0.029952,0.107458,-0.058125,0.145705,0.071463,0.084653,0.129234,0.042505,0.022269,0.127149,-0.051859,-0.148044,0.094636,-0.224067,0.111748,0.081154,0.08047,0.092466,0.085069,-0.073621,0.077851,-0.115152,0.151193,0.114912,0.036894,0.026918,0.119091,-0.15687,-0.001459,0.039013,-0.148987,0.075622,0.084766,0.029039,0.094851,0.066859,0.232897,0.053866,0.07019,0.087501,0.017859
20181231,-0.056246,-0.116698,-0.09825,-0.066253,-0.10521,-0.109965,-0.088999,-0.209419,-0.121781,-0.133333,-0.06521,-0.11135,-0.117763,-0.0918,-0.066359,0.082221,-0.157638,-0.098286,-0.113298,-0.034636,-0.125486,-0.094457,-0.081925,-0.134356,-0.122276,-0.119206,-0.066432,-0.09484,-0.144568,-0.10348,-0.108803,-0.056529,0.040913,-0.075546,-0.061377,-0.059632,-0.027808,-0.06739,-0.117617,-0.067705,-0.071275,-0.025495,-0.027289,-0.122602,-0.053745,-0.087063,-0.111319,-0.010272,-0.048266,-0.082413,-0.097858,-0.092025,-0.140556,-0.150268,-0.125446,-0.082535,-0.041067,-0.104269,-0.167969,-0.175268,-0.084047,-0.177127,-0.090665,-0.064551,-0.107672,0.036553,-0.183136,-0.118028,-0.007065,-0.079282,-0.049502,-0.086374,-0.01253,0.021469,-0.04766,-0.034772,-0.094599,-0.083467,-0.08375,-0.061577,-0.079016,-0.070708,-0.050445,-0.061366,-0.05358,-0.17781,-0.115796,-0.049789,-0.083412,-0.026342,-0.174488,-0.053384,-0.079044,-0.091777
20190131,0.054993,0.055154,0.095385,0.151812,0.066504,0.144545,0.188703,0.262942,0.193647,0.322319,-0.038835,0.144317,0.149783,0.124727,0.014387,0.054939,0.088462,0.109198,0.152907,0.104646,0.02739,0.047101,0.090307,0.161701,0.074009,0.053606,0.059648,0.099008,0.05746,0.116197,0.097669,0.000781,0.072077,0.177212,0.168927,0.198789,0.05898,0.058589,0.164467,0.271569,0.128453,0.02679,0.02473,0.119265,0.077983,0.143855,-0.067149,0.267338,0.004049,0.098755,0.093377,0.190859,0.143393,0.141473,0.245355,0.215443,0.117492,0.155633,0.242957,0.162942,0.028158,0.204538,0.067257,0.2684,0.075415,0.070357,0.076779,0.187636,0.000958,0.095319,0.146657,0.019823,-0.129854,0.149317,0.107212,0.058075,0.348923,0.021016,0.108143,0.190653,0.089824,0.094482,-0.077464,0.025355,0.073545,0.192289,0.076761,0.14148,0.152073,0.136836,0.216933,0.062716,0.314313,0.078684
20190228,0.097354,0.044701,0.059237,0.087396,0.094322,0.107405,0.040249,0.100602,-0.013818,-0.036051,0.023622,-0.045906,0.078552,0.044792,-0.107959,0.026505,-0.058449,-0.017287,-0.050015,0.191963,0.13108,0.01894,0.092745,0.041867,0.057424,0.021805,0.158799,0.094735,0.109741,0.101808,0.021527,0.028867,-0.005164,-0.012054,0.038378,0.108172,0.024969,0.034046,0.041019,-0.031436,0.021223,0.022421,0.022713,-0.071276,0.00318,-0.008224,0.117874,0.069984,0.130624,0.145075,0.045776,0.090738,0.079918,0.077674,0.038389,0.017658,0.085417,0.019455,0.260412,0.115129,0.077181,0.069597,0.011424,0.054786,0.022424,-0.11396,0.074226,0.049293,0.079208,0.087853,0.039683,0.034592,0.07815,0.003424,0.029418,0.036396,-0.02813,0.019228,0.089234,0.088433,0.12322,0.037202,0.041887,-0.173283,0.050656,0.070464,0.076825,0.051811,-0.011314,0.090343,0.118026,0.047746,0.122566,0.029729
20190329,-0.001437,0.097026,0.0152,-0.0158,0.04901,-0.044108,0.097926,-0.001108,0.034429,0.084573,-0.000526,0.085936,0.030746,0.028326,0.089226,0.101685,0.014212,-0.279351,-0.047502,0.109345,0.026414,0.02252,0.03426,0.005799,0.033876,0.106976,0.032725,0.042882,0.029586,-0.021733,0.02071,-0.052038,0.090418,-0.145195,0.061077,-0.000269,0.031694,-0.032357,0.021767,0.032456,0.04239,0,0,0.009536,0.047673,0.059565,-0.00665,-0.002551,0.013973,0.057783,0.041946,0.033942,-0.054269,-0.046475,0.022829,0.089416,-0.04501,0.064037,0.106672,-0.144916,0.052754,0.011008,-0.023149,-0.0043,0.063497,0.083819,0.164009,-0.029347,0.043929,0.041288,0.005015,0.059754,0.07979,-0.04671,-0.015554,0.05807,-0.014001,-0.043845,0.132474,-0.083014,0.010042,-0.043069,-0.125109,0.081481,0.002742,0.115972,0.053943,0.019771,-0.02543,-0.025666,-0.034592,0.03199,0.011891,0.017924
20190430,0.090575,0.056436,0.085407,0.104208,0.02911,0.143691,0.141913,0.007028,0.111195,0.08268,-0.056111,0.081859,0.071644,0.122912,0.058862,0.058827,0.008371,-0.030206,-0.03715,0.092426,0.095777,0.16151,-0.0453,0.069989,0.094047,0.014,0.111074,0.042786,0.064288,0.074365,0.007039,0.013044,0.059406,0.016541,-0.06868,0.04335,0.016357,0.091092,0.103716,0.160238,-0.011781,0.073021,0.062108,0.000461,0.012929,0.037567,0.004216,-0.107081,-0.049534,-0.037795,-0.105069,0.067582,0.083868,0.080132,0.158762,0.076158,0.204074,0.01863,-0.046462,0.091975,0.107343,0.017663,0.128456,0.039208,0.056389,0.178422,0.00802,0.194932,-0.025058,0.051247,0.051805,0.04488,0.510258,-0.164337,0.04898,0.044929,-0.074549,0.024691,0.051498,0.107865,0.069108,0.056295,-0.147109,0.026068,0.11087,0.000717,0.061203,0.087519,-0.081381,0.066269,0.06367,0.005159,-0.052449,0.039313
20190531,-0.081366,-0.123735,-0.06344,-0.164143,-0.025975,-0.097076,-0.124215,-0.164916,-0.117313,-0.007962,-0.062291,-0.078613,-0.083248,-0.099464,-0.100394,-0.209673,-0.338266,-0.043404,-0.038466,-0.083742,-0.065009,0.052972,-0.086784,0.015114,-0.058121,-0.021586,0.061794,-0.070063,-0.061786,0.021599,-0.148437,-0.06775,-0.087078,0.0019,-0.016587,-0.069161,-0.049215,-0.11183,-0.132814,-0.082368,-0.015818,-0.092468,-0.090536,-0.042897,-0.071394,0.076595,-0.016314,0.023828,-0.130976,-0.024735,-0.089654,-0.185598,-0.089226,-0.07304,-0.158222,-0.061015,-0.19516,0,0.178419,0.037919,-0.049464,-0.224679,-0.115833,-0.073568,-0.187371,-0.123818,-0.250718,-0.16531,-0.019019,0.024908,-0.077159,-0.00039,-0.224196,-0.120709,-0.047819,-0.01622,-0.039982,-0.083976,-0.038322,-0.174225,-0.240077,0.006165,-0.224266,0.116906,-0.108207,-0.044702,-0.008077,-0.01251,-0.01657,-0.007343,-0.271909,0.014867,-0.14533,-0.065778
20190628,0.123758,0.130519,0.087671,0.168185,0.037472,0.012367,-0.037454,0.152182,0.160765,0.10799,0.105459,0.066792,0.141059,0.105717,0.08831,0.154467,0.066909,0.066487,0.041464,0.11389,0.12759,0.050164,0.048332,0.048779,0.031219,0.103014,0.045607,0.051893,0.038942,0.069693,0.023575,0.04643,0.057092,0.235284,0.087881,0.09936,-0.002912,0.156783,0.065381,0.087508,0.061728,0.052434,0.040023,0.095422,-0.020587,0.102334,0.199537,0.080504,0.086966,0.067306,0.128428,0.146793,0.097154,0.094472,0.082069,0.08829,0.083344,0.065093,0.072302,0.031846,0.083118,0.183379,0.137479,0.07003,0.04223,0.0288,0.212387,0.110027,-0.00552,-0.040797,0.088727,0.031914,0.14771,0.037386,0.068663,0.102156,0.063624,0.050847,0.105204,0.103167,0.159688,0.009532,0.206848,0.049746,0.100182,0.040524,0.047929,0.072725,0.103502,0.007153,0.290973,0.044559,0.152576,0.06893
20190731,-0.008768,0.076394,0.014288,0.040666,0.007198,-0.041314,-0.236098,-0.135059,0.09931,0.002634,0.012481,-0.014179,-0.0083,0.071563,0.032627,0.007399,-0.048228,0.01689,-0.073905,0.043779,0.064505,-0.02251,-0.031658,-0.024799,0.026017,0.043026,0.037329,0.018637,-0.090087,0.09756,0.027607,-0.039739,-0.052519,0.046917,-0.08651,0.042785,-0.060075,-0.00218,-0.048174,0.006373,0.156538,0.018341,0.018559,-0.030195,0.125607,0.024407,-0.186799,-0.000471,0.055985,0.062947,-0.009608,0.1533,-0.011856,-0.01847,0.110573,0.060374,0.089043,-0.007607,0.015774,0.010027,0.017244,0.163255,-0.010532,-0.120685,-0.044246,-0.097549,0.02734,0.059215,0.030976,0.01677,-0.021211,-0.025318,-0.038254,-0.026326,0.069713,0.129548,0.093917,0.121864,0.031626,0.076024,0.103663,0.075398,0.081223,0.079186,0.096026,0.006803,0.035914,0.009227,-0.091395,-0.02724,0.133333,0.002017,-0.031462,0.013128
20190830,-0.090033,-0.01657,-0.048016,-0.060361,0.019937,-0.085484,-0.124211,-0.110601,-0.023091,0.032841,0.125898,-0.048474,0.016936,-0.000898,0.038162,-0.025346,-0.064727,-0.075982,-0.053707,-0.073468,-0.020015,-0.038241,-0.037963,0.062821,0.025249,0.071763,-0.027602,-0.155054,-0.044602,0.012901,-0.054498,-0.01337,-0.002162,0.093963,0.012757,-0.018451,0.056869,-0.017327,-0.005844,-0.044071,0.014322,-0.11828,-0.1112,-0.03022,-0.02349,0.027265,-0.060258,-0.036505,-0.055885,0.039847,-0.015726,0.090449,0.001875,0.003072,0.009108,-0.033597,-0.081805,0.032342,-0.043159,-0.089964,0.015044,0.008465,-0.070451,-0.090529,-0.178321,0.109263,-0.006223,-0.01209,0.007879,-0.016255,-0.060736,0.069791,0.063012,-0.048268,-0.000189,0.02355,-0.040549,-0.012444,0.068168,-0.173601,-0.112219,-0.021071,-0.066222,0.07713,-0.010079,-0.319313,0.064724,-0.034298,0.080423,-0.113511,0.06272,0.077336,-0.085632,-0.018092
20190930,-0.013406,0.072962,-0.029032,0.017299,-0.044925,0.034169,-0.01196,-0.027987,0.03915,-0.078219,-0.072428,-0.022733,0.07165,0.115943,0.04585,-0.013869,-0.016368,0.059477,-0.102052,-0.035047,0.067013,-0.008127,0.016713,0.006177,0.018527,-0.022561,0.065526,0.055544,0.033572,0.0163,-0.018325,0.041837,0.124397,-0.130354,0.044193,-0.032514,0.022218,0.033128,0.06695,-0.040879,-0.031326,-0.031402,-0.042358,0.007397,0.026008,-0.061469,0.081325,-0.092765,0.086901,-0.07775,0.055912,0.078093,-0.073728,-0.089204,0.103321,0.042562,0.076219,0.006972,-0.07294,-0.010397,0.008487,-0.053457,0.061789,-0.088953,0.092593,0.043843,0.039162,0.072009,0.038435,0.013097,0.067877,0.009691,-0.011187,-0.043613,0.038628,-0.0843,0.175661,0.013776,-0.032156,0.054015,0.052876,0.009225,0.067639,-0.050239,0.044364,0.054347,-0.0195,-0.074663,-0.058882,-0.041291,0.041383,0.016739,-0.078416,0.017181
20191031,0.017528,0.110684,0.006081,-0.045646,0.005018,-0.002302,0.394484,0.076169,0.087375,0.170404,0.10201,0.023475,-0.005466,0.054545,0.058768,0.060782,-0.008856,0.283008,0.086202,-0.011047,0.037894,-0.015403,0.026575,0.135252,-0.001109,0.033494,0.028756,-0.03137,0.014436,0.002126,0.011201,0.127849,-0.032936,0.033503,-0.014516,-0.09569,-0.058373,0.01674,0.106826,0.076202,0.024616,-0.009512,0.016014,0.005207,0.033724,0.048101,-0.028598,0.13054,0.097031,-0.029744,0.024114,0.060144,0.016162,0.003363,0.172775,0.060978,0.014853,-0.05188,-0.053898,-0.033241,0.031216,0.109685,0.012951,0.073948,0.073319,0.073935,0.154823,0.041789,0.092846,0.018002,0.086416,0.000511,0.054536,0.10411,-0.001639,-0.043655,0.257611,0.07434,-0.010929,0.017818,0.149022,0.049384,0.307427,-0.039812,-0.080084,-0.069818,-0.084988,0.007369,0.153819,-0.045893,-0.125587,-0.021267,-0.053806,0.020432
20191129,0.11292,0.077424,0.113698,0.05927,0.052703,0.227606,0.099291,0.081025,0.070955,0.153846,0.107479,0.013587,0.156893,0.037484,-0.021417,0.079768,0.16377,0.003683,0.102445,0.074981,0.058791,0.066597,0.048661,0.004595,-0.014949,0.009088,0.07696,-0.046306,0.021489,-0.033722,0.0553,0.036285,-0.171558,0.473742,0.047822,0.011631,-0.015993,-0.253622,-0.011686,0.052126,0.095157,0.119718,0.116105,0.055407,0.035592,-0.117294,0.085409,0.122021,0.032461,0.005398,0.072249,-0.025615,-0.10338,-0.099288,-0.015533,0.104861,0.006538,0.001716,0.113246,0.06574,0.059427,-0.000841,-0.025742,0.094812,0.084288,0.103058,0.078997,0.016714,0.015545,0.029651,0.074021,-0.009769,0.038662,0.20478,0.059086,0.015137,0.120577,0.040671,0.038969,0.243915,0.079508,-0.049722,0.047695,0.008309,0.018815,0.003045,0.019212,0.003789,0.134387,0.104588,-0.025557,-0.031806,0.026559,0.034047
20191231,0.078869,0.098784,0.065519,0.056928,0.003689,0.014152,0.00613,-0.050816,0.054231,0.171392,0.027054,0.026122,0.01068,0.093563,0.083713,0.009677,0.066397,-0.010273,0.047578,-0.012669,0.057682,0.027658,-0.058704,0.032063,0.018573,-0.019646,0.021798,0.058486,0.011462,0.046759,-0.0326,-0.013829,0.028318,-0.037702,0.06435,0.01661,0.026802,0.063742,0.040259,0.017903,-0.005248,0.040595,0.036633,-0.024241,0.024568,0.03796,0.034231,-0.072642,0.031008,0.011742,-0.002952,0.087331,0.008426,0.013721,0.100139,0.026497,0.107679,0.053769,-0.014882,0.062354,0.041749,0.131972,0.085407,0.028316,0.027397,-0.003457,0.085633,0.1043,-0.009089,-0.012308,0.000369,0.013215,0.063435,0.017561,0.00452,0.029147,-0.050602,0.024355,-0.013046,0.003686,0.234181,-0.001655,0.267897,0.0089,0.067216,0.082442,0.014307,0.010171,-0.012627,-0.0819,0.261077,0.039112,0.053783,0.02859
